,correlation,p_value,number_of_mutations
all,0.7099320311989596,1.9797587292783054e-49,314.0
conservative,0.682451573985784,1.2156863480009208e-05,33.0
mild_ddEa_effect_window_1.5,0.6540437703269041,1.196463261852766e-26,207.0
mild_ddEa_effect_window_1,0.5814737131593211,7.486765101817613e-17,171.0
mild_ddEa_effect_window_0.5,0.575262261211476,6.046342913015251e-11,109.0
mild_ddEa_effect_window_0.2,0.31039849791766416,0.017722581567708295,58.0
mild_ddEa_effect_window_0.1,0.4915676115856772,0.006765241229123436,29.0
mild_ddEa_effect_window_0.05,0.546644114908314,0.06590161978801506,12.0
conservative_and_mild_ddEa_effect_window_1.5,0.6769168240002928,3.997040737169703e-05,30.0
conservative_and_mild_ddEa_effect_window_1,0.649273716266583,0.0014482880964657755,21.0
conservative_and_mild_ddEa_effect_window_0.5,0.8275502689929719,0.0004799098917164659,13.0
conservative_and_mild_ddEa_effect_window_0.2,0.9265102303829925,0.0009383627124233963,8.0
conservative_and_mild_ddEa_effect_window_0.1,0.8424561445766909,0.15754385542330906,4.0
conservative_and_mild_ddEa_effect_window_0.05,,,
